timestamp,title,price,availability
2026-04-05 23:53:20,It's Only the Himalayas,45.17,In stock
2026-04-05 23:53:20,Full Moon over Noahâs Ark: An Odyssey to Mount Ararat and Beyond,49.43,In stock
2026-04-05 23:53:20,See America: A Celebration of Our National Parks & Treasured Sites,48.87,In stock
2026-04-05 23:53:20,Vagabonding: An Uncommon Guide to the Art of Long-Term World Travel,36.94,In stock
2026-04-05 23:53:20,Under the Tuscan Sun,37.33,In stock
2026-04-05 23:53:20,A Summer In Europe,44.34,In stock
2026-04-05 23:53:20,The Great Railway Bazaar,30.54,In stock
2026-04-05 23:53:20,A Year in Provence (Provence #1),56.88,In stock
2026-04-05 23:53:20,The Road to Little Dribbling: Adventures of an American in Britain (Notes From a Small Island #2),23.21,In stock
2026-04-05 23:53:20,Neither Here nor There: Travels in Europe,38.95,In stock
2026-04-05 23:53:20,"1,000 Places to See Before You Die",26.08,In stock
2026-04-06 00:03:33,It's Only the Himalayas,45.17,In stock
2026-04-06 00:03:33,Full Moon over Noahâs Ark: An Odyssey to Mount Ararat and Beyond,49.43,In stock
2026-04-06 00:03:33,See America: A Celebration of Our National Parks & Treasured Sites,48.87,In stock
2026-04-06 00:03:33,Vagabonding: An Uncommon Guide to the Art of Long-Term World Travel,36.94,In stock
2026-04-06 00:03:33,Under the Tuscan Sun,37.33,In stock
2026-04-06 00:03:33,A Summer In Europe,44.34,In stock
2026-04-06 00:03:33,The Great Railway Bazaar,30.54,In stock
2026-04-06 00:03:33,A Year in Provence (Provence #1),56.88,In stock
2026-04-06 00:03:33,The Road to Little Dribbling: Adventures of an American in Britain (Notes From a Small Island #2),23.21,In stock
2026-04-06 00:03:33,Neither Here nor There: Travels in Europe,38.95,In stock
2026-04-06 00:03:33,"1,000 Places to See Before You Die",26.08,In stock
2026-04-06 00:03:36,It's Only the Himalayas,45.17,In stock
2026-04-06 00:03:36,Full Moon over Noahâs Ark: An Odyssey to Mount Ararat and Beyond,49.43,In stock
2026-04-06 00:03:36,See America: A Celebration of Our National Parks & Treasured Sites,48.87,In stock
2026-04-06 00:03:36,Vagabonding: An Uncommon Guide to the Art of Long-Term World Travel,36.94,In stock
2026-04-06 00:03:36,Under the Tuscan Sun,37.33,In stock
2026-04-06 00:03:36,A Summer In Europe,44.34,In stock
2026-04-06 00:03:36,The Great Railway Bazaar,30.54,In stock
2026-04-06 00:03:36,A Year in Provence (Provence #1),56.88,In stock
2026-04-06 00:03:36,The Road to Little Dribbling: Adventures of an American in Britain (Notes From a Small Island #2),23.21,In stock
2026-04-06 00:03:36,Neither Here nor There: Travels in Europe,38.95,In stock
2026-04-06 00:03:36,"1,000 Places to See Before You Die",26.08,In stock
2026-04-06 00:03:38,It's Only the Himalayas,45.17,In stock
2026-04-06 00:03:38,Full Moon over Noahâs Ark: An Odyssey to Mount Ararat and Beyond,49.43,In stock
2026-04-06 00:03:38,See America: A Celebration of Our National Parks & Treasured Sites,48.87,In stock
2026-04-06 00:03:38,Vagabonding: An Uncommon Guide to the Art of Long-Term World Travel,36.94,In stock
2026-04-06 00:03:38,Under the Tuscan Sun,37.33,In stock
2026-04-06 00:03:38,A Summer In Europe,44.34,In stock
2026-04-06 00:03:38,The Great Railway Bazaar,30.54,In stock
2026-04-06 00:03:38,A Year in Provence (Provence #1),56.88,In stock
2026-04-06 00:03:38,The Road to Little Dribbling: Adventures of an American in Britain (Notes From a Small Island #2),23.21,In stock
2026-04-06 00:03:38,Neither Here nor There: Travels in Europe,38.95,In stock
2026-04-06 00:03:38,"1,000 Places to See Before You Die",26.08,In stock
2026-04-06 00:03:40,It's Only the Himalayas,45.17,In stock
2026-04-06 00:03:40,Full Moon over Noahâs Ark: An Odyssey to Mount Ararat and Beyond,49.43,In stock
2026-04-06 00:03:40,See America: A Celebration of Our National Parks & Treasured Sites,48.87,In stock
2026-04-06 00:03:40,Vagabonding: An Uncommon Guide to the Art of Long-Term World Travel,36.94,In stock
2026-04-06 00:03:40,Under the Tuscan Sun,37.33,In stock
2026-04-06 00:03:40,A Summer In Europe,44.34,In stock
2026-04-06 00:03:40,The Great Railway Bazaar,30.54,In stock
2026-04-06 00:03:40,A Year in Provence (Provence #1),56.88,In stock
2026-04-06 00:03:40,The Road to Little Dribbling: Adventures of an American in Britain (Notes From a Small Island #2),23.21,In stock
2026-04-06 00:03:40,Neither Here nor There: Travels in Europe,38.95,In stock
2026-04-06 00:03:40,"1,000 Places to See Before You Die",26.08,In stock
2026-04-06 00:03:57,It's Only the Himalayas,45.17,In stock
2026-04-06 00:03:57,Full Moon over Noahâs Ark: An Odyssey to Mount Ararat and Beyond,49.43,In stock
2026-04-06 00:03:57,See America: A Celebration of Our National Parks & Treasured Sites,48.87,In stock
2026-04-06 00:03:57,Vagabonding: An Uncommon Guide to the Art of Long-Term World Travel,36.94,In stock
2026-04-06 00:03:57,Under the Tuscan Sun,37.33,In stock
2026-04-06 00:03:57,A Summer In Europe,44.34,In stock
2026-04-06 00:03:57,The Great Railway Bazaar,30.54,In stock
2026-04-06 00:03:57,A Year in Provence (Provence #1),56.88,In stock
2026-04-06 00:03:57,The Road to Little Dribbling: Adventures of an American in Britain (Notes From a Small Island #2),23.21,In stock
2026-04-06 00:03:57,Neither Here nor There: Travels in Europe,38.95,In stock
2026-04-06 00:03:57,"1,000 Places to See Before You Die",26.08,In stock
2026-04-06 00:04:28,It's Only the Himalayas,45.17,In stock
2026-04-06 00:04:28,Full Moon over Noahâs Ark: An Odyssey to Mount Ararat and Beyond,49.43,In stock
2026-04-06 00:04:28,See America: A Celebration of Our National Parks & Treasured Sites,48.87,In stock
2026-04-06 00:04:28,Vagabonding: An Uncommon Guide to the Art of Long-Term World Travel,36.94,In stock
2026-04-06 00:04:28,Under the Tuscan Sun,37.33,In stock
2026-04-06 00:04:28,A Summer In Europe,44.34,In stock
2026-04-06 00:04:28,The Great Railway Bazaar,30.54,In stock
2026-04-06 00:04:28,A Year in Provence (Provence #1),56.88,In stock
2026-04-06 00:04:28,The Road to Little Dribbling: Adventures of an American in Britain (Notes From a Small Island #2),23.21,In stock
2026-04-06 00:04:28,Neither Here nor There: Travels in Europe,38.95,In stock
2026-04-06 00:04:28,"1,000 Places to See Before You Die",26.08,In stock
2026-04-06 00:04:50,It's Only the Himalayas,45.17,In stock
2026-04-06 00:04:50,Full Moon over Noahâs Ark: An Odyssey to Mount Ararat and Beyond,49.43,In stock
2026-04-06 00:04:50,See America: A Celebration of Our National Parks & Treasured Sites,48.87,In stock
2026-04-06 00:04:50,Vagabonding: An Uncommon Guide to the Art of Long-Term World Travel,36.94,In stock
2026-04-06 00:04:50,Under the Tuscan Sun,37.33,In stock
2026-04-06 00:04:50,A Summer In Europe,44.34,In stock
2026-04-06 00:04:50,The Great Railway Bazaar,30.54,In stock
2026-04-06 00:04:50,A Year in Provence (Provence #1),56.88,In stock
2026-04-06 00:04:50,The Road to Little Dribbling: Adventures of an American in Britain (Notes From a Small Island #2),23.21,In stock
2026-04-06 00:04:50,Neither Here nor There: Travels in Europe,38.95,In stock
2026-04-06 00:04:50,"1,000 Places to See Before You Die",26.08,In stock
2026-04-06 00:05:10,It's Only the Himalayas,45.17,In stock
2026-04-06 00:05:10,Full Moon over Noahâs Ark: An Odyssey to Mount Ararat and Beyond,49.43,In stock
2026-04-06 00:05:10,See America: A Celebration of Our National Parks & Treasured Sites,48.87,In stock
2026-04-06 00:05:10,Vagabonding: An Uncommon Guide to the Art of Long-Term World Travel,36.94,In stock
2026-04-06 00:05:10,Under the Tuscan Sun,37.33,In stock
2026-04-06 00:05:10,A Summer In Europe,44.34,In stock
2026-04-06 00:05:10,The Great Railway Bazaar,30.54,In stock
2026-04-06 00:05:10,A Year in Provence (Provence #1),56.88,In stock
2026-04-06 00:05:10,The Road to Little Dribbling: Adventures of an American in Britain (Notes From a Small Island #2),23.21,In stock
2026-04-06 00:05:10,Neither Here nor There: Travels in Europe,38.95,In stock
2026-04-06 00:05:10,"1,000 Places to See Before You Die",26.08,In stock
